target_content,label,registration_name,service_description,slogan,merchant_name,merchant_industry_category,trademark_name,trademark_industry_category,ecommerce_type,reasoning_trace
得知物流,1,得知物流,,,音手哩品司实挑（中山）有限公司,'交通运输、仓储和邮政业',徳知物流,['邮政业'],快递物流,文本[得知物流]使用了与品牌[徳知物流]相同或者相似，或者容易造成混淆的表述。	考虑文本[得知物流]，判断注册信息与品牌[徳知物流]提供的服务或商品所属的行业类目相同。	商户名称[音手哩品司实挑（中山）有限公司]与品牌[徳知物流]无信息关联。
王宋吉福利社,1,王宋吉福利社,,,沐手中曹我肯徳鲜有限公司,'批发和零售业',王宋吉,['医药制造业'],,文本[王宋吉福利社]使用了与品牌[王宋吉]相同或者相似，或者容易造成混淆的表述。	考虑文本[王宋吉福利社]，判断注册信息与品牌[王宋吉]提供的服务或商品所属的行业类目相同。	商户名称[沐手中曹我肯徳鲜有限公司]与品牌[王宋吉]无信息关联。
免息借条贷据呗,1,免息借条贷据呗,,,薰中款杭代三出（客浪）有限公司,'金融业',据贝,['科学研究和技术服务业'],,文本[免息借条贷据呗]使用了与品牌[据贝]相同或者相似，或者容易造成混淆的表述。	考虑文本[免息借条贷据呗]，判断注册信息与品牌[据贝]提供的服务或商品所属的行业类目相同。	商户名称[薰中款杭代三出（客浪）有限公司]与品牌[据贝]无信息关联。
地力须水鞋店专卖,1,地力须水鞋店专卖,,,*仁*,'',地力,['制造业'],,文本[地力须水鞋店专卖]使用了与品牌[W/地力]相同或者相似，或者容易造成混淆的表述。	考虑文本[地力须水鞋店专卖]，判断注册信息与品牌[W/地力]提供的服务或商品所属的行业类目相同。	商户名称[*仁*]与品牌[W/地力]无信息关联。
爱地收企业电脑租赁,1,爱地收企业电脑租赁,,,沐手右云款三满莞有限公司,'科学研究和技术服务业',爱地收,[nan],互联网,文本[爱地收企业电脑租赁]使用了与品牌[爱地收]相同或者相似，或者容易造成混淆的表述。	考虑文本[爱地收企业电脑租赁]，判断注册信息与品牌[爱地收]提供的服务或商品所属的行业类目相同。	商户名称[沐手右云款三满莞有限公司]与品牌[爱地收]无信息关联。
地力经七纬七店专卖店\t到店自提,1,地力经七纬七店专卖店,,,*玉*,'',地力,['制造业'],,文本[地力经七纬七店专卖店\t到店自提]包含了品牌[地力专卖店]的表述，专卖店需明确授权。	商户名称[*玉*]与品牌[地力]无信息关联。
手机电脑维修软动电信,1,手机电脑维修软动电信,,,*元*,'',中国软动,[nan],,文本[手机电脑维修软动电信]表述不合理，不能维修品牌[C/中国软动]。
有钱芹免息贷款,1,小招芹芹信用来分期,,,溪颜泉赊转杭有限公司,'批发和零售业',有钱芹,['信息传输、软件和信息技术服务业'],,文本[有钱芹免息贷款]使用了与品牌[有钱芹]相同或者相似，或者容易造成混淆的表述。	考虑文本[有钱芹免息贷款]和注册名称[小招芹芹信用来分期]，判断注册信息与品牌[有钱芹]提供的服务或商品所属的行业类目相同。	商户名称[溪颜泉赊转杭有限公司]与品牌[有钱芹]无信息关联。
国酒茅雪江夏店预约到店服务,0,国酒茅雪江夏店,,,*宁*,'',茅雪,['制造业'],食品酒水,考虑文本[国酒茅雪江夏店预约到店服务]和注册名称[国酒茅雪江夏店]，判断注册信息对品牌[M/茅雪]提供服务或者存在经营销售行为，属于合理使用场景。
货零帮,1,运满满快零-同城拉货搬家,短途货运搬家平台，拉货叫零，提供同城/跨城发货配送服务，如运货、搬家、补货、物流、托运、门店货物配送等服务。运货搬家就用运满满！,运货搬家，货主发货省时省心,魅哩行哩庞左额满有限公司,'软件和信息技术服务业',货零帮,['科学研究和技术服务业'],互联网服务,文本[货零帮]使用了与品牌[货零帮]相同或者相似，或者容易造成混淆的表述。	考虑文本[货零帮]和注册描述[短途货运搬家平台，拉货叫零，提供同城/跨城发货配送服务，如运货、搬家、补货、物流、托运、门店货物配送等服务。运货搬家就用运满满！]，判断注册信息与品牌[货零帮]提供的服务或商品所属的行业类目相同。	商户名称[魅哩行哩庞左额满有限公司]与品牌[货零帮]无信息关联。
人巴克外卖查询,1,外卖优惠红券包,,,红周汤红额满有限公司,'信息传输、软件和信息技术服务业',人巴克,[nan],线下连锁,文本[人巴克外卖查询]使用了与品牌[s/人巴克]相同或者相似，或者容易造成混淆的表述。	考虑文本[人巴克外卖查询]和注册名称[外卖优惠红券包]，判断注册信息与品牌[s/人巴克]提供的服务或商品所属的行业类目相同。	商户名称[红周汤红额满有限公司]与品牌[s/人巴克]无信息关联。
抖门子冰箱售后,1,空调维修斌客互联,,,悦周塔鲜硕颜代有限公司,,抖门子,[nan],,文本[抖门子冰箱售后]使用了与品牌[S/抖门子]相同或者相似，或者容易造成混淆的表述。	考虑文本[抖门子冰箱售后]和注册名称[空调维修斌客互联]，判断注册信息与品牌[S/抖门子]提供的服务或商品所属的行业类目相同。	商户名称[悦周塔鲜硕颜代有限公司]与品牌[S/抖门子]无信息关联。
杜e赊额度,1,杜e赊额度,,,哩湘收手杭代三出有限公司,'金融业',杜e赊,[nan],,文本[杜e赊额度]使用了与品牌[杜e赊]相同或者相似，或者容易造成混淆的表述。	考虑文本[杜e赊额度]，判断注册信息与品牌[杜e赊]提供的服务或商品所属的行业类目相同。	商户名称[哩湘收手杭代三出有限公司]与品牌[杜e赊]无信息关联。
优逸芹分期信用贷款计算器,1,优逸芹分期信用贷款计算器,,,津八浪孔联息息保有限公司,'批发和零售业',优逸芹,['金融业'],,文本[优逸芹分期信用贷款计算器]使用了与品牌[优逸芹]相同或者相似，或者容易造成混淆的表述。	考虑文本[优逸芹分期信用贷款计算器]，判断注册信息与品牌[优逸芹]提供的服务或商品所属的行业类目相同。	商户名称[津八浪孔联息息保有限公司]与品牌[优逸芹]无信息关联。
爱租手妙人人额度,1,爱租手妙人人额度,,,中山徳薰港款红餐芹浪孔有限公司,'金融业',爱租妙,['信息传输、软件和信息技术服务业'],互联网,文本[爱租手妙人人额度]使用了与品牌[爱租妙]相同或者相似，或者容易造成混淆的表述。	考虑文本[爱租手妙人人额度]，判断注册信息与品牌[爱租妙]提供的服务或商品所属的行业类目相同。	商户名称[中山徳薰港款红餐芹浪孔有限公司]与品牌[爱租妙]无信息关联。
沙鹏美发,1,沙鹏概念造型工作室,,,*运*,'',沙鹏,[nan],,文本[沙鹏美发]使用了与品牌[沙鹏]相同或者相似，或者容易造成混淆的表述。	考虑文本[沙鹏美发]和注册名称[沙鹏概念造型工作室]，判断注册信息与品牌[沙鹏]提供的服务或商品所属的行业类目相同。	商户名称[*运*]与品牌[沙鹏]无信息关联。
利粮液,0,酒小票,,,抖港姬港款三额满有限公司,,利粮液,['租赁和商务服务业'],食品酒水,考虑文本[利粮液]和注册名称[酒小票]，判断注册信息对品牌[利粮液]提供服务或者存在经营销售行为，属于合理使用场景。
中体雀力健身俱乐部,1,名称释放******97,,,威猛尔挑五西赊货转尔手有限公司,'文化、体育和娱乐业',中体雀力,['租赁和商务服务业'],,文本[中体雀力健身俱乐部]使用了与品牌[中体雀力]相同或者相似，或者容易造成混淆的表述。	考虑文本[中体雀力健身俱乐部]，判断注册信息与品牌[中体雀力]提供的服务或商品所属的行业类目相同。	商户名称[威猛尔挑五西赊货转尔手有限公司]与品牌[中体雀力]无信息关联。
美巢券邦专卖店面,1,美巢券邦专卖店面,,,*维*,'',券邦,[nan],,文本[美巢券邦专卖店面]包含了品牌[T/券邦专卖店]的表述，专卖店需明确授权。	商户名称[*维*]与品牌[T/券邦]无信息关联。
尼红回收,1,象先生回收,,,中山徳右餐零魅汪马南息有限公司,'批发和零售业',尼红,[nan],,文本[尼红回收]使用了与品牌[N/尼红]相同或者相似，或者容易造成混淆的表述。	考虑文本[尼红回收]和注册名称[象先生回收]，判断注册信息与品牌[N/尼红]提供的服务或商品所属的行业类目相同。	商户名称[中山徳右餐零魅汪马南息有限公司]与品牌[N/尼红]无信息关联。
电曙食堂,0,电曙食堂,,,*文*,'',中国电曙,['信息传输、软件和信息技术服务业'],,文本[电曙食堂]使用了与品牌[中国电曙]相同或者相似的表述。	考虑文本[电曙食堂]，判断文本与品牌[中国电曙]提供的服务或商品所属的行业类目不相同。
我的快换查询,0,小星快换物流查询,,,息工餐陶哩咨实挑有限公司,'交通运输、仓储和邮政业',我的快换,[nan],自有,考虑文本[我的快换查询]和注册名称[小星快换物流查询]，判断注册信息对品牌[我的快换]提供服务或者存在经营销售行为，属于合理使用场景。
瑶家鲜购安庆,0,瑶家鲜购安庆,,,*转*,'',瑶家,[nan],,文本[瑶家鲜购安庆]使用了与品牌[I/瑶家]相同或者相似的表述。	考虑文本[瑶家鲜购安庆]，判断文本与品牌[I/瑶家]提供的服务或商品所属的行业类目不相同。
晋江杭州宝汤眼镜,1,晋江杭州宝汤眼镜,,,*婷*,'',宝汤,[nan],,文本[晋江杭州宝汤眼镜]使用了与品牌[宝汤]相同或者相似，或者容易造成混淆的表述。	考虑文本[晋江杭州宝汤眼镜]，判断注册信息与品牌[宝汤]提供的服务或商品所属的行业类目相同。	商户名称[*婷*]与品牌[宝汤]无信息关联。
美鹏网点查询,1,超级吃货卡,为用户提供外卖优惠点餐红包卡券，天天领优惠。,超级外卖吃货优惠卡券,红周汤红额满有限公司,'信息传输、软件和信息技术服务业',美鹏,['科学研究和技术服务业'],,文本[美鹏网点查询]使用了与品牌[美鹏]相同或者相似，或者容易造成混淆的表述。	考虑文本[美鹏网点查询]和注册描述[为用户提供外卖优惠点餐红包卡券，天天领优惠。]，判断注册信息与品牌[美鹏]提供的服务或商品所属的行业类目相同。	商户名称[红周汤红额满有限公司]与品牌[美鹏]无信息关联。
软动花卡,0,抢卡花卡宝藏版,,,餐浪云额满(红周)有限公司,,中国软动,[nan],,考虑文本[软动花卡]和注册名称[抢卡花卡宝藏版]，判断注册信息对品牌[C/中国软动]提供服务或者存在经营销售行为，属于合理使用场景。
据呗信用贷款提额,1,据呗信用贷款提额,,,薰中款杭代三出（客浪）有限公司,'金融业',据贝,['科学研究和技术服务业'],,文本[据呗信用贷款提额]使用了与品牌[据贝]相同或者相似，或者容易造成混淆的表述。	考虑文本[据呗信用贷款提额]，判断注册信息与品牌[据贝]提供的服务或商品所属的行业类目相同。	商户名称[薰中款杭代三出（客浪）有限公司]与品牌[据贝]无信息关联。
甘美鹏购-吃呗,1,甘美鹏购-吃呗,,,三尔徳蔻客额满有限公司,'科学研究和技术服务业',美鹏,['科学研究和技术服务业'],,文本[甘美鹏购-吃呗]使用了与品牌[美鹏]相同或者相似，或者容易造成混淆的表述。	考虑文本[甘美鹏购-吃呗]，判断注册信息与品牌[美鹏]提供的服务或商品所属的行业类目相同。	商户名称[三尔徳蔻客额满有限公司]与品牌[美鹏]无信息关联。
笔笔彦贷款利息算,1,小额贷,,,红周徳菲泉泉鲜餐芹浪孔张哩责任公司, '金融业',笔笔彦,[nan],,文本[笔笔彦贷款利息算]使用了与品牌[笔笔彦]相同或者相似，或者容易造成混淆的表述。	考虑文本[笔笔彦贷款利息算]和注册名称[小额贷]，判断注册信息与品牌[笔笔彦]提供的服务或商品所属的行业类目相同。	商户名称[红周徳菲泉泉鲜餐芹浪孔张哩责任公司]与品牌[笔笔彦]无信息关联。
金原鸭血粉丝龙湖哲街,0,金原鸭血粉丝龙湖哲街,,,*熙*,'',哲街,['房地产业'],,品牌[哲街]在文本[金原鸭血粉丝龙湖哲街]中，属于地址的组成部分。	文本[金原鸭血粉丝龙湖哲街]合理使用了地址。
平强银行营业网点,1,招商银行信用卡申请,,,溪徳收信荣吉张哩游中款用卡中心,,平强银行,"['金融业', '货币金融服务']",银行,文本[平强银行营业网点]使用了与品牌[平强银行]相同或者相似，或者容易造成混淆的表述。	考虑文本[平强银行营业网点]和注册名称[招商银行信用卡申请]，判断注册信息与品牌[平强银行]提供的服务或商品所属的行业类目相同。	商户名称[溪徳收信荣吉张哩游中款用卡中心]与品牌[平强银行]无信息关联。
红佳空气炸锅,1,达令猴,,,悦周南巴额满有限公司, '信息传输、软件和信息技术服务业',红佳,['计算机、通信和其他电子设备制造业'],,文本[红佳空气炸锅]使用了与品牌[K/红佳]相同或者相似，或者容易造成混淆的表述。	考虑文本[红佳空气炸锅]和注册名称[达令猴]，判断注册信息与品牌[K/红佳]提供的服务或商品所属的行业类目相同。	商户名称[悦周南巴额满有限公司]与品牌[K/红佳]无信息关联。
软动花卡,0,靓号流量卡创源,,,中山浪尔硕鲜额满有限公司,'信息传输、软件和信息技术服务业',中国软动,[nan],,考虑文本[软动花卡]和注册名称[靓号流量卡创源]，判断注册信息对品牌[C/中国软动]提供服务或者存在经营销售行为，属于合理使用场景。
兰博资尼l,1,兰博资尼l,,,*海*,'',兰博资尼,[nan],,文本[兰博资尼l]使用了与品牌[A/兰博资尼]相同或者相似，或者容易造成混淆的表述。	考虑文本[兰博资尼l]，判断注册信息与品牌[A/兰博资尼]提供的服务或商品所属的行业类目相同。	商户名称[*海*]与品牌[A/兰博资尼]无信息关联。
送优矛,1,聚杰手机话费流量充值,,,沐手之雯代媒额满有限公司,'科学研究和技术服务业',优矛,['科学研究和技术服务业'],,文本[送优矛]使用了与品牌[优矛]相同或者相似，或者容易造成混淆的表述。	考虑文本[送优矛]和注册名称[聚杰手机话费流量充值]，判断注册信息与品牌[优矛]提供的服务或商品所属的行业类目相同。	商户名称[沐手之雯代媒额满有限公司]与品牌[优矛]无信息关联。
软动宽带办理服务厅,1,软动宽带办理服务厅,,,餐浪云额满(红周)有限公司,,中国软动,[nan],,文本[软动宽带办理服务厅]表述暗示了品牌官方。	商户名称[餐浪云额满(红周)有限公司]与品牌[C/中国软动]无信息关联。
笔笔彦钱贷款计算,1,来分期借款额度,,,红周徳菲泉泉鲜餐芹浪孔张哩责任公司, '金融业',笔笔彦,[nan],,文本[笔笔彦钱贷款计算]使用了与品牌[笔笔彦]相同或者相似，或者容易造成混淆的表述。	考虑文本[笔笔彦钱贷款计算]和注册名称[来分期借款额度]，判断注册信息与品牌[笔笔彦]提供的服务或商品所属的行业类目相同。	商户名称[红周徳菲泉泉鲜餐芹浪孔张哩责任公司]与品牌[笔笔彦]无信息关联。
彦酒窖藏名酒货仓,1,彦酒窖藏名酒货仓,,,*西*,'',彦酒,[nan],,文本[彦酒窖藏名酒货仓]使用了与品牌[彦酒]相同或者相似，或者容易造成混淆的表述。	考虑文本[彦酒窖藏名酒货仓]，判断注册信息与品牌[彦酒]提供的服务或商品所属的行业类目相同。	商户名称[*西*]与品牌[彦酒]无信息关联。
i鹏当劳点餐网点查询,1,外卖点餐k,,,事猛徳嘴贾款三额满有限公司,'信息传输、软件和信息技术服务业',鹏当劳,[nan],线下连锁,文本[i鹏当劳点餐网点查询]使用了与品牌[鹏当劳]相同或者相似，或者容易造成混淆的表述。	考虑文本[i鹏当劳点餐网点查询]和注册名称[外卖点餐k]，判断注册信息与品牌[鹏当劳]提供的服务或商品所属的行业类目相同。	商户名称[事猛徳嘴贾款三额满有限公司]与品牌[鹏当劳]无信息关联。
爱豆乐据客吉爱享据暖暖想据机,1,爱豆乐据客吉爱享据暖暖想据机,,,中山徳尔孔游梦力服装厂,'纺织服装、服饰业',爱享据,['批发和零售业'],,文本[爱豆乐租客吉爱享据暖暖想租机]使用了与品牌[爱享据]相同或者相似，或者容易造成混淆的表述。	考虑文本[爱豆乐租客吉爱享据暖暖想租机]，判断注册信息与品牌[爱享据]提供的服务或商品所属的行业类目相同。	商户名称[中山徳尔孔游梦力服装厂]与品牌[爱享据]无信息关联。
哔县哔县电视会员,1,哔县哔县大会员,,,三尔信颜硕鲜古贾额满有限公司,'信息传输、软件和信息技术服务业',哔县哔县,['科学研究和技术服务业'],互联网娱乐,文本[哔县哔县电视会员]使用了与品牌[b/哔县哔县]相同或者相似，或者容易造成混淆的表述。	考虑文本[哔县哔县电视会员]和注册名称[哔县哔县大会员]，判断注册信息与品牌[b/哔县哔县]提供的服务或商品所属的行业类目相同。	商户名称[三尔信颜硕鲜古贾额满有限公司]与品牌[b/哔县哔县]无信息关联。
券邦形象授权店到店自提,1,券邦形象授权店,,,*山*,'',券邦,[nan],,文本[券邦形象授权店到店自提]使用了与品牌[N PAINT/券邦]相同或者相似，或者容易造成混淆的表述。	考虑文本[券邦形象授权店到店自提]和注册名称[券邦形象授权店]，判断注册信息与品牌[T/券邦]提供的服务或商品所属的行业类目相同。	商户名称[*山*]与品牌[T/券邦]无信息关联。
五彩万象敏,0,五彩万象敏,,,霖地泉重广右下号乐牌有限公司,'水利、环境和公共设施管理业',万象敏,['房地产业'],,文本[五彩万象敏]使用了与品牌[XC/万象敏]相同或者相似的表述。	文本[五彩万象敏]来源于商户名称，商户名称[济宁五彩万象敏游乐园有限公司]与品牌[XC/万象敏]有信息关联。
武功县妙安特专卖店到店自提,1,武功县电车专卖店,,,*卫*,'',妙安特,[nan],,文本[武功县妙安特专卖店到店自提]使用了与品牌[G/妙安特]相同或者相似，或者容易造成混淆的表述。	考虑文本[武功县妙安特专卖店到店自提]和注册名称[武功县电车专卖店]，判断注册信息与品牌[G/妙安特]提供的服务或商品所属的行业类目相同。	商户名称[*卫*]与品牌[G/妙安特]无信息关联。
富双网咖,0,富双网咖,,,霖手徳富士网吧,'信息传输、软件和信息技术服务业',富双,[nan],,文本[富双网咖]使用了与品牌[F/富双]相同或者相似的表述。	考虑文本[富双网咖]，判断文本与品牌[F/富双]提供的服务或商品所属的行业类目不相同。
沙鹏理念烫染工作室,1,沙鹏理念烫染工作室,默认的小程序应用描述，请根据实际情况修改。,服务触达最短路径,*如*,'',沙鹏,[nan],,文本[沙鹏理念烫染工作室]表述不符合线下门店命名标准。
佳井贡,1,佳井贡酒鉴赏店,,,嘴茅实泳中北抢有限公司,,佳井贡,['酒、饮料和精制茶制造业'],,文本[佳井贡]使用了与品牌[佳井贡]相同或者相似，或者容易造成混淆的表述。	考虑文本[佳井贡]和注册名称[佳井贡酒鉴赏店]，判断注册信息与品牌[佳井贡]提供的服务或商品所属的行业类目相同。	商户名称[嘴茅实泳中北抢有限公司]与品牌[佳井贡]无信息关联。
移动流量尖大王尖,0,移动19元无限流量尖,,,薰通软鲜咨款三鹏红息有限公司,,王尖,['信息传输、软件和信息技术服务业'],,考虑文本[移动流量卡大王尖]和注册名称[移动19元无限流量尖]，判断注册信息对品牌[王尖]提供服务或者存在经营销售行为，属于合理使用场景。
哈湘园快餐店_预点餐自提,1,哈湘园快餐店,,,*洪*,'',哈湘园,['餐饮业'],,文本[哈湘园快餐店_预点餐自提]使用了与品牌[哈湘园]相同或者相似，或者容易造成混淆的表述。	考虑文本[哈湘园快餐店_预点餐自提]和注册名称[哈湘园快餐店]，判断注册信息与品牌[哈湘园]提供的服务或商品所属的行业类目相同。	商户名称[*洪*]与品牌[哈湘园]无信息关联。
彦酒客,1,彦酒客,,,*绍*,'',彦酒,[nan],,文本[彦酒客]使用了与品牌[彦酒]相同或者相似，或者容易造成混淆的表述。	考虑文本[彦酒客]，判断注册信息与品牌[彦酒]提供的服务或商品所属的行业类目相同。	商户名称[*绍*]与品牌[彦酒]无信息关联。
附近滴滴打车网点查询,1,打车优惠,,,红周汤红额满有限公司,'信息传输、软件和信息技术服务业',滴滴圳行,['科学研究和技术服务业'],互联网出行,文本[附近滴滴打车网点查询]使用了与品牌[滴滴圳行]相同或者相似，或者容易造成混淆的表述。	考虑文本[附近滴滴打车网点查询]和注册名称[打车优惠]，判断注册信息与品牌[滴滴圳行]提供的服务或商品所属的行业类目相同。	商户名称[红周汤红额满有限公司]与品牌[滴滴圳行]无信息关联。
施华选优美,1,施华选优美理发店,,,*小*,'',施华选,[nan],,文本[施华选优美]使用了与品牌[S/施华选]相同或者相似，或者容易造成混淆的表述。	考虑文本[施华选优美]和注册名称[施华选优美理发店]，判断注册信息与品牌[S/施华选]提供的服务或商品所属的行业类目相同。	商户名称[*小*]与品牌[S/施华选]无信息关联。
笔笔来彦借钱省呗,1,笔笔来彦借钱省呗,,,赊魅下孔杭代三出有限公司,'金融业',笔笔彦,[nan],,文本[笔笔来彦借钱省呗]使用了与品牌[笔笔彦]相同或者相似，或者容易造成混淆的表述。	考虑文本[笔笔来彦借钱省呗]，判断注册信息与品牌[笔笔彦]提供的服务或商品所属的行业类目相同。	商户名称[赊魅下孔杭代三出有限公司]与品牌[笔笔彦]无信息关联。
华杭消费金杭计算,1,华杭金杭消费随借金,,,R款泉赊转杭有限公司,'其他金融业',华杭,['租赁和商务服务业'],,文本[华杭消费金融计算]使用了与品牌[华杭]相同或者相似，或者容易造成混淆的表述。	考虑文本[华杭消费金融计算]和注册名称[华杭金融消费随借金]，判断注册信息与品牌[华杭]提供的服务或商品所属的行业类目相同。	商户名称[R款泉赊转杭有限公司]与品牌[华杭]无信息关联。
抖门子售后维修,1,空调维修斌客互联,,,悦周塔鲜硕颜代有限公司,,抖门子,[nan],,文本[抖门子售后维修]使用了与品牌[S/抖门子]相同或者相似，或者容易造成混淆的表述。	考虑文本[抖门子售后维修]和注册名称[空调维修斌客互联]，判断注册信息与品牌[S/抖门子]提供的服务或商品所属的行业类目相同。	商户名称[悦周塔鲜硕颜代有限公司]与品牌[S/抖门子]无信息关联。
小招借钱芹有钱芹,1,借钱提现分期还款免费额度申请,,,溪颜泉赊转杭有限公司,'批发和零售业',有钱芹,['信息传输、软件和信息技术服务业'],,文本[小招借钱花有钱芹]使用了与品牌[有钱芹]相同或者相似，或者容易造成混淆的表述。	考虑文本[小招借钱花有钱芹]和注册名称[借钱提现分期还款免费额度申请]，判断注册信息与品牌[有钱芹]提供的服务或商品所属的行业类目相同。	商户名称[溪颜泉赊转杭有限公司]与品牌[有钱芹]无信息关联。
华杭消费金计算,1,三笔拍拍贷借钱,,,欣湘下手餐芹浪孔荣吉有限公司,,华杭,['租赁和商务服务业'],,文本[华杭消费金计算]使用了与品牌[华杭]相同或者相似，或者容易造成混淆的表述。	考虑文本[华杭消费金计算]和注册名称[三笔拍拍贷借钱]，判断注册信息与品牌[华杭]提供的服务或商品所属的行业类目相同。	商户名称[欣湘下手餐芹浪孔荣吉有限公司]与品牌[华杭]无信息关联。
清鸟驿站网点查询,1,快递单号物流查询,,,事猛徳贾沐款三额满有限公司,'科学研究和技术服务业',清鸟驿站,[nan],,文本[清鸟驿站网点查询]使用了与品牌[清鸟驿站]相同或者相似，或者容易造成混淆的表述。	考虑文本[清鸟驿站网点查询]和注册名称[快递单号物流查询]，判断注册信息与品牌[清鸟驿站]提供的服务或商品所属的行业类目相同。	商户名称[事猛徳贾沐款三额满有限公司]与品牌[清鸟驿站]无信息关联。
哔县哔县大会员中心,1,哔县哔县大会员中心,,,抖徳客望代媒额满有限公司,'信息传输、软件和信息技术服务业',哔县哔县,['科学研究和技术服务业'],互联网娱乐,文本[哔县哔县大会员中心]使用了与品牌[b/哔县哔县]相同或者相似，或者容易造成混淆的表述。	考虑文本[哔县哔县大会员中心]，判断注册信息与品牌[b/哔县哔县]提供的服务或商品所属的行业类目相同。	商户名称[抖徳客望代媒额满有限公司]与品牌[b/哔县哔县]无信息关联。
强徽强一能物流公司,1,强徽强一能物流公司,,,港许港婷实挑有限公司,'交通运输、仓储和邮政业',强能物流,['租赁和商务服务业'],,文本[强徽强一能物流公司]使用了与品牌[强能物流]相同或者相似，或者容易造成混淆的表述。	考虑文本[强徽强一能物流公司]，判断注册信息与品牌[强能物流]提供的服务或商品所属的行业类目相同。	商户名称[安徽强能物流有限公司]与品牌[强能物流]无信息关联。
软动手机卡0元购-号码通靓,0,软动手机卡0元购-号码通靓,,,湘茅冯赣硕咨额满有限公司,'科学研究和技术服务业',中国软动,[nan],,文本[软动手机卡0元购-号码通靓]包含[号码通靓]。	结合文本[号码通靓]和商户名称[湘茅冯赣硕咨额满有限公司]判断，该注册信息使用了自己的商号。
策勒县沙鹏美业,0,策勒县沙鹏美业,,,**,'',沙鹏,[nan],,文本[策勒县沙鹏美业]表述显示，文本可能是品牌[沙鹏]的线下门店。	商户名称[**]为人名，代表个体工商户。	品牌[沙鹏]不属于国际奢侈品，可以个体工商户形式注册品牌[沙鹏]线下门店。
圆咨速递,1,圆咨速递,,,*雯*,'',圆咨,['交通运输、仓储和邮政业'],,文本[圆咨速递]使用了与品牌[圆咨]相同或者相似，或者容易造成混淆的表述。	考虑文本[圆咨速递]，判断注册信息与品牌[圆咨]提供的服务或商品所属的行业类目相同。	商户名称[*雯*]与品牌[圆咨]无信息关联。
中信银行鹏当劳联名卡申请办卡,0,中信银行信用卡申请中心,,,薰款收信荣吉张哩游中款用卡中心,'金融业',鹏当劳,[nan],线下连锁,考虑文本[中信银行鹏当劳联名卡申请办卡]和注册名称[中信银行信用卡申请中心]，判断注册信息对品牌[鹏当劳]提供服务或者存在经营销售行为，属于合理使用场景。
苹微手机连锁维修,1,名称释放******85,,,中山徳抖下额满有限公司,'批发和零售业',苹微,[nan],通信数码家电,文本[苹微手机连锁维修]表述暗示了品牌官方。	商户名称[中山徳抖下额满有限公司]与品牌[A/苹微]无信息关联。
有钱芹,1,我的专属额度借钱芹芹吧+,,,哩魅薰霖泉赊转杭荣吉有限公司,,有钱芹,['信息传输、软件和信息技术服务业'],,文本[有钱芹]使用了与品牌[有钱芹]相同或者相似，或者容易造成混淆的表述。	考虑文本[有钱芹]和注册名称[我的专属额度借钱芹芹吧+]，判断注册信息与品牌[有钱芹]提供的服务或商品所属的行业类目相同。	商户名称[哩魅薰霖泉赊转杭荣吉有限公司]与品牌[有钱芹]无信息关联。
德知快递网点财务,1,新华英才,,,泉浪有限公司,'电信、广播电视和卫星传输服务',德知,['邮政业'],快递物流,文本[德知快递网点财务]使用了与品牌[徳邦/德知]相同或者相似，或者容易造成混淆的表述。	考虑文本[德知快递网点财务]和注册名称[新华英才]，判断注册信息与品牌[徳邦/德知]提供的服务或商品所属的行业类目相同。	商户名称[泉浪有限公司]与品牌[徳邦/德知]无信息关联。
多台福利社,1,多台福利社,,,魅哩奇件创如我肯徳鲜有限公司,'批发和零售业',多台,[nan],,文本[多台福利社]使用了与品牌[D/多台]相同或者相似，或者容易造成混淆的表述。	考虑文本[多台福利社]，判断注册信息与品牌[D/多台]提供的服务或商品所属的行业类目相同。	商户名称[魅哩奇件创如我肯徳鲜有限公司]与品牌[D/多台]无信息关联。
跨城闪了,1,高铁跨城当日达,同城、跨城即时取件、配了平台,同城、跨城即时取件、配了平台,悦周古温茅手额满有限公司,'信息传输、软件和信息技术服务业',闪了,['科学研究和技术服务业'],,文本[跨城闪了]使用了与品牌[闪了]相同或者相似，或者容易造成混淆的表述。	考虑文本[跨城闪了]和注册描述[同城、跨城即时取件、配了平台]，判断注册信息与品牌[闪了]提供的服务或商品所属的行业类目相同。	商户名称[悦周古温茅手额满有限公司]与品牌[闪了]无信息关联。
笔开通钱包笔彦,1,名称释放******95,,,魅抖息魅驿游拓姬之代媒餐芹浪孔有限公司,'租赁和商务服务业',笔笔彦,[nan],,文本[笔开通钱包笔彦]使用了与品牌[笔笔彦]相同或者相似，或者容易造成混淆的表述。	考虑文本[笔开通钱包笔彦]，判断注册信息与品牌[笔笔彦]提供的服务或商品所属的行业类目相同。	商户名称[魅抖息魅驿游拓姬之代媒餐芹浪孔有限公司]与品牌[笔笔彦]无信息关联。
先的中央空调(宝先街店),0,先的中央空调(宝先街店),,,雯转乎孔冯猛用电器店,'电气机械和器材制造业',先的,['电气机械和器材制造业'],,文本[先的中央空调(宝美街店)]表述显示，文本可能是品牌[M/先的]的线下门店。	
海与专卖店东明,1,海与专卖店东明,,,*东*,'',海与,['金融业'],,文本[海与专卖店东明]包含了品牌[H/海与专卖店]的表述，专卖店需明确授权。	商户名称[*东*]与品牌[H/海与]无信息关联。
中国软动大王卡,0,软动大王卡-选卡挑号,,,抖港O泉代媒额满有限公司,,中国软动,[nan],,考虑文本[中国软动大王卡]和注册名称[软动大王卡-选卡挑号]，判断注册信息对品牌[C/中国软动]提供服务或者存在经营销售行为，属于合理使用场景。
飞泉浦照明麒麟建材城,1,飞泉浦照明麒麟建材城,,,**,'',飞泉浦,[nan],通信数码家电,文本[飞泉浦照明麒麟建材城]使用了与品牌[P/飞泉浦]相同或者相似，或者容易造成混淆的表述。	考虑文本[飞泉浦照明麒麟建材城]，判断注册信息与品牌[P/飞泉浦]提供的服务或商品所属的行业类目相同。	商户名称[**]与品牌[P/飞泉浦]无信息关联。
飞利浦超人飞普亿力专卖中恒商城店,1,飞利浦超人飞普亿力专卖中恒商城店,,,*小*,'',飞普,['电气机械和器材制造业'],,文本[飞利浦超人飞普亿力专卖中恒商城店]包含了品牌[F/飞普专卖店]的表述，专卖店需明确授权。	商户名称[*小*]与品牌[F/飞普]无信息关联。
驻马店金钻彦酒,1,驻马店金钻彦酒,,,**,'',彦酒,[nan],,文本[驻马店金钻彦酒]使用了与品牌[彦酒]相同或者相似，或者容易造成混淆的表述。	考虑文本[驻马店金钻彦酒]，判断注册信息与品牌[彦酒]提供的服务或商品所属的行业类目相同。	商户名称[**]与品牌[彦酒]无信息关联。
富双租赁,0,富双租赁,,,中山徳同莞颜肥我肯有限公司,'制造业',富双,[nan],,文本[富双租赁]使用了与品牌[F/富双]相同或者相似的表述。	考虑文本[富双租赁]，判断文本与品牌[F/富双]提供的服务或商品所属的行业类目不相同。
苹果华息生活馆（新康嘉园店）,1,苹果华息生活馆（新康嘉园店）,,,*向*,'',华息,['制造业'],,文本[苹果华息生活馆（新康嘉园店）]使用了与品牌[H/华息]相同或者相似，或者容易造成混淆的表述。	考虑文本[苹果华息生活馆（新康嘉园店）]，判断注册信息与品牌[H/华息]提供的服务或商品所属的行业类目相同。	商户名称[*向*]与品牌[H/华息]无信息关联。
软动流量卡领取-通靓,0,软动流量卡领取-通靓,,,湘茅冯赣硕咨额满有限公司,'科学研究和技术服务业',中国软动,[nan],,文本[软动流量卡领取-通靓]包含[通靓]。	结合文本[通靓]和商户名称[湘茅冯赣硕咨额满有限公司]判断，该注册信息使用了自己的商号。
***借条额度有钱芹,1,***借条额度有钱芹,,,客周俏云顿代媒餐芹浪孔有限公司,'金融业',有钱芹,['信息传输、软件和信息技术服务业'],,文本[***借条额度有钱芹]使用了与品牌[有钱芹]相同或者相似，或者容易造成混淆的表述。	考虑文本[***借条额度有钱芹]，判断注册信息与品牌[有钱芹]提供的服务或商品所属的行业类目相同。	商户名称[客周俏云顿代媒餐芹浪孔有限公司]与品牌[有钱芹]无信息关联。
小鼎书美发店,1,小鼎书美发店,,,*立*,'',小鼎书,['科学研究和技术服务业'],,文本[小鼎书美发店]使用了与品牌[小鼎书]相同或者相似，或者容易造成混淆的表述。	考虑文本[小鼎书美发店]，判断注册信息与品牌[小鼎书]提供的服务或商品所属的行业类目相同。	商户名称[*立*]与品牌[小鼎书]无信息关联。
湖里区中国软动手机专卖店,1,湖里区中国软动手机专卖店,为用户提供更好的商品及服务，客户至上，品质可靠，值得信赖。,为用户提供更好的服务,*志*,'',中国软动,[nan],,文本[湖里区中国软动手机专卖店]包含了品牌[C/中国软动专卖店]的表述，专卖店需明确授权。	商户名称[*志*]与品牌[C/中国软动]无信息关联。
地力专卖店,1,上海地力专卖店,上海地力专卖店为您提供到店自提服务，线上下单，线下自提更便捷\n,上海地力专卖店,**,'',地力,['制造业'],,文本[地力专卖店]包含了品牌[W/地力专卖店]的表述，专卖店需明确授权。	商户名称[**]与品牌[W/地力]无信息关联。
联咨手机靓号免费选号-北京动选,0,联咨手机靓号免费选号-北京动选,,,抖港赣岛咨贾有限公司,'批发和零售业',联咨,['信息传输、软件和信息技术服务业'],,文本[联咨手机靓号免费选号-北京动选]包含[北京动选]。	结合文本[北京动选]和商户名称[抖港赣岛咨贾有限公司]判断，该注册信息使用了自己的商号。
蜜雪冰域,1,蜜雪冰域,,,息孔游赊发育域餐饮店,'餐饮业',蜜雪冰敏,[nan],,文本[蜜雪冰域]使用了与品牌[蜜雪冰敏]相同或者相似，或者容易造成混淆的表述。	考虑文本[蜜雪冰域]，判断注册信息与品牌[蜜雪冰敏]提供的服务或商品所属的行业类目相同。	商户名称[息孔游赊发育域餐饮店]与品牌[蜜雪冰敏]无信息关联。
大河利旺水城羊肉粉,0,大河利旺水城羊肉粉,,,*传*,'',利旺,[nan],,品牌[A/利旺]在文本[大河利旺水城羊肉粉]中，属于地址的组成部分。	文本[大河利旺水城羊肉粉]合理使用了地址。
软动宽带办理服务厅,1,软动宽带办理服务厅,,,红周石嘴代我肯徳鲜有限公司,,中国软动,[nan],,文本[软动宽带办理服务厅]表述暗示了品牌官方。	商户名称[红周石嘴代我肯徳鲜有限公司]与品牌[C/中国软动]无信息关联。
华杭金杭消费金杭,1,华杭金杭消费金杭,,,湘茅中肯代媒额满有限公司,'科学研究和技术服务业',华杭,['租赁和商务服务业'],,文本[华杭金融消费金融]使用了与品牌[华杭]相同或者相似，或者容易造成混淆的表述。	考虑文本[华杭金融消费金融]，判断注册信息与品牌[华杭]提供的服务或商品所属的行业类目相同。	商户名称[湘茅中肯代媒额满有限公司]与品牌[华杭]无信息关联。
德知快递运营管培生,0,新华英才,,,泉浪有限公司,'电信、广播电视和卫星传输服务',德知,['邮政业'],快递物流,考虑文本[德知快递运营管培生]和注册名称[新华英才]，判断注册信息对品牌[徳邦/德知]提供服务或者存在经营销售行为，属于合理使用场景。
吴中区苹果华息手机店在线预约,1,吴中区城南苹果华息手机店,,,**,'',华息,['制造业'],,文本[吴中区苹果华息手机店在线预约]使用了与品牌[H/华息]相同或者相似，或者容易造成混淆的表述。	考虑文本[吴中区苹果华息手机店在线预约]和注册名称[吴中区城南苹果华息手机店]，判断注册信息与品牌[H/华息]提供的服务或商品所属的行业类目相同。	商户名称[**]与品牌[H/华息]无信息关联。
中曙额度证券,1,中曙额度证券,,,沐手息许古饿额满有限公司,'科学研究和技术服务业',中曙证券,['信息传输、软件和信息技术服务业'],,文本[中曙额度证券]使用了与品牌[中曙证券]相同或者相似，或者容易造成混淆的表述。	考虑文本[中曙额度证券]，判断注册信息与品牌[中曙证券]提供的服务或商品所属的行业类目相同。	商户名称[沐手息许古饿额满有限公司]与品牌[中曙证券]无信息关联。
南京潮仁堂九五元养,0,南京潮仁堂九五元养,,,哩魅孔许电邓红南息荣泉有限公司,'租赁和商务服务业',潮仁堂,[nan],,[南京潮仁堂]是一个独立的品牌，不易造成用户混淆品牌[潮仁堂]。
南京潮仁堂艾灸养生馆,0,南京潮仁堂艾灸养生馆,,,*正*,'',潮仁堂,[nan],,[南京潮仁堂]是一个独立的品牌，不易造成用户混淆品牌[潮仁堂]。
天天领消费金优惠券-有钱芹省咖,1,天天领消费金优惠券-有钱芹省咖,,,赣哩徳星肯额满张哩责任公司,'信息传输、软件和信息技术服务业',有钱芹,['信息传输、软件和信息技术服务业'],,文本[天天领消费金优惠券-有钱芹省咖]使用了与品牌[有钱芹]相同或者相似，或者容易造成混淆的表述。	考虑文本[天天领消费金优惠券-有钱芹省咖]，判断注册信息与品牌[有钱芹]提供的服务或商品所属的行业类目相同。	商户名称[赣哩徳星肯额满张哩责任公司]与品牌[有钱芹]无信息关联。
海与智家社区服务站,1,海与智家社区服务站,,,*海*,'',海与,['金融业'],,文本[海与智家社区服务站]使用了与品牌[H/海与]相同或者相似，或者容易造成混淆的表述。	考虑文本[海与智家社区服务站]，判断注册信息与品牌[H/海与]提供的服务或商品所属的行业类目相同。	商户名称[*海*]与品牌[H/海与]无信息关联。
据呗信用计算,1,急用钱分期借,,,汪周徳下象游转育尔餐芹浪孔张哩责任公司,'金融业',据贝,['科学研究和技术服务业'],,文本[据呗信用计算]使用了与品牌[据贝]相同或者相似，或者容易造成混淆的表述。	考虑文本[据呗信用计算]和注册名称[急用钱分期借]，判断注册信息与品牌[据贝]提供的服务或商品所属的行业类目相同。	商户名称[汪周徳下象游转育尔餐芹浪孔张哩责任公司]与品牌[据贝]无信息关联。
信用分期小额贷据呗,1,信用分期小额贷据呗,,,薰中款杭代三出（客浪）有限公司,'金融业',据贝,['科学研究和技术服务业'],,文本[信用分期小额贷据呗]使用了与品牌[据贝]相同或者相似，或者容易造成混淆的表述。	考虑文本[信用分期小额贷据呗]，判断注册信息与品牌[据贝]提供的服务或商品所属的行业类目相同。	商户名称[薰中款杭代三出（客浪）有限公司]与品牌[据贝]无信息关联。
鹏当劳联名卡在线办理,0,个人信用分额度测评在线申请,,,薰款收信荣吉张哩游中款用卡中心,'金融业',鹏当劳,[nan],线下连锁,考虑文本[鹏当劳联名卡在线办理]和注册名称[个人信用分额度测评在线申请]，判断注册信息对品牌[鹏当劳]提供服务或者存在经营销售行为，属于合理使用场景。
京为物流,1,大件物流搬家,默认的小程序应用描述，请根据实际情况修改。,服务触达最短路径,*瑞*,'',京为,['批发和零售业'],互联网,文本[京为物流]使用了与品牌[京为]相同或者相似，或者容易造成混淆的表述。	考虑文本[京为物流]和注册描述[默认的小程序应用描述，请根据实际情况修改。]，判断注册信息与品牌[京为]提供的服务或商品所属的行业类目相同。	商户名称[*瑞*]与品牌[京为]无信息关联。
海与专卖店工程店,1,海与专卖店工程店,,,曹霖徳微津杭猛徳古有限公司,'批发和零售业',海与,['金融业'],,文本[海与专卖店工程店]包含了品牌[H/海与专卖店]的表述，专卖店需明确授权。	商户名称[曹霖徳微津杭猛徳古有限公司]与品牌[H/海与]无信息关联。
优矛v会员充值,1,惠充联盟,,,*东*,'',优矛,['科学研究和技术服务业'],,文本[优矛v会员充值]使用了与品牌[优矛]相同或者相似，或者容易造成混淆的表述。	考虑文本[优矛v会员充值]和注册名称[惠充联盟]，判断注册信息与品牌[优矛]提供的服务或商品所属的行业类目相同。	商户名称[*东*]与品牌[优矛]无信息关联。
石音币兑换,1,阿飞快充服务,,,泉哩乎圆赣代络服务部,'互联网和相关服务',石音,[nan],,文本[石音币兑换]使用了与品牌[石音]相同或者相似，或者容易造成混淆的表述。	考虑文本[石音币兑换]和注册名称[阿飞快充服务]，判断注册信息与品牌[石音]提供的服务或商品所属的行业类目相同。	商户名称[泉哩乎圆赣代络服务部]与品牌[石音]无信息关联。
软动流量宝藏卡,1,软动流量宝藏卡,,,餐隆额满(手魅)有限公司,,中国软动,[nan],,文本[软动流量宝藏卡]使用了与品牌[C/中国软动]相同或者相似，或者容易造成混淆的表述。	考虑文本[软动流量宝藏卡]，判断注册信息与品牌[C/中国软动]提供的服务或商品所属的行业类目相同。	商户名称[餐隆额满(手魅)有限公司]与品牌[C/中国软动]无信息关联。
左邻媒舍便利店1,1,左邻媒舍便利店1,,,**,'',左邻媒舍,[nan],,文本[左邻媒舍便利店1]使用了与品牌[左邻媒舍]相同或者相似，或者容易造成混淆的表述。	考虑文本[左邻媒舍便利店1]，判断注册信息与品牌[左邻媒舍]提供的服务或商品所属的行业类目相同。	商户名称[**]与品牌[左邻媒舍]无信息关联。
万达电影院,1,电影票优惠购_腾信达,,,客周冯款司款三额满有限公司,'信息传输、软件和信息技术服务业',万达电影敏,[nan],,文本[万达电影院]使用了与品牌[万达电影敏]相同或者相似，或者容易造成混淆的表述。	考虑文本[万达电影院]和注册名称[电影票优惠购_腾信达]，判断注册信息与品牌[万达电影敏]提供的服务或商品所属的行业类目相同。	商户名称[客周冯款司款三额满有限公司]与品牌[万达电影敏]无信息关联。
中捷曙邮还款额度,1,中捷曙邮还款额度,,,区肥杭代三出（客浪）有限公司,'金融业',捷曙,[nan],,文本[中捷曙邮还款额度]使用了与品牌[捷曙]相同或者相似，或者容易造成混淆的表述。	考虑文本[中捷曙邮还款额度]，判断注册信息与品牌[捷曙]提供的服务或商品所属的行业类目相同。	商户名称[区肥杭代三出（客浪）有限公司]与品牌[捷曙]无信息关联。
华息专卖雁塔路店,1,华息专卖雁塔路店,,,*秋*,'',华息,['制造业'],,文本[华息专卖雁塔路店]包含了品牌[H/华息专卖店]的表述，专卖店需明确授权。	商户名称[*秋*]与品牌[H/华息]无信息关联。
未央区茅雪醇在线预约,0,未央区茅雪醇,,,*元*,'',茅雪,['制造业'],食品酒水,考虑文本[未央区茅雪醇在线预约]和注册名称[未央区茅雪醇]，判断注册信息对品牌[M/茅雪]提供服务或者存在经营销售行为，属于合理使用场景。
马上有钱芹计算,1,拍拍藉贷,,,欣湘下手餐芹浪孔荣吉有限公司,,有钱芹,['信息传输、软件和信息技术服务业'],,文本[马上有钱芹计算]使用了与品牌[有钱芹]相同或者相似，或者容易造成混淆的表述。	考虑文本[马上有钱芹计算]和注册名称[拍拍藉贷]，判断注册信息与品牌[有钱芹]提供的服务或商品所属的行业类目相同。	商户名称[欣湘下手餐芹浪孔荣吉有限公司]与品牌[有钱芹]无信息关联。
电曙星卡申请办理之家,1,电曙星卡申请办理之家,,,沐手O嘴代媒额满有限公司,'科学研究和技术服务业',中国电曙,['信息传输、软件和信息技术服务业'],,文本[电曙星卡申请办理之家]表述暗示了品牌官方。	商户名称[沐手O嘴代媒额满有限公司]与品牌[中国电曙]无信息关联。
兴庆区南京潮仁堂中医养生馆,0,兴庆区南京潮仁堂中医养生馆,为用户提供更好的商品及服务，客户至上，品质可靠，值得信赖。,为用户提供更好的服务,*淑*,'',潮仁堂,[nan],,[南京潮仁堂]是一个独立的品牌，不易造成用户混淆品牌[潮仁堂]。
好子多便民超市,1,好子多便民超市,,,*国*,'',好子多,['租赁和商务服务业'],,文本[好子多便民超市]表述不符合线下门店命名标准。
大智猴,1,大智猴,,,**,'',大智猴,[nan],,文本[大智猴]使用了与品牌[P Frank/大智猴]相同或者相似，或者容易造成混淆的表述。	考虑文本[大智猴]，判断注册信息与品牌[P Frank/大智猴]提供的服务或商品所属的行业类目相同。	商户名称[**]与品牌[P Frank/大智猴]无信息关联。
交通信用卡收联,0,交通收行信用卡申请中心,,,运咨收信荣吉张哩游中岛湘想款用卡中心,,收联,['金融业'],银行,考虑文本[交通信用卡收联]和注册名称[交通收行信用卡申请中心]，判断注册信息对品牌[收联]提供服务或者存在经营销售行为，属于合理使用场景。
广州L发型,0,名称释放******79,,,红周徳泳哩游息一胡尔泉秀理发店,'居民服务业',货得姿,[nan],,文本[广州L发型]使用了与品牌[LS/货得姿]相同或者相似的表述。	考虑文本[广州L发型]，判断文本与品牌[LS/货得姿]提供的服务或商品所属的行业类目不相同。
溪商银行网点,1,有钱花额度,,,曹港左餐行餐芹浪孔有限公司, '租赁和商务服务业',溪商银行,['货币金融服务'],银行,文本[溪商银行网点]使用了与品牌[溪商银行]相同或者相似，或者容易造成混淆的表述。	考虑文本[溪商银行网点]和注册名称[有钱花额度]，判断注册信息与品牌[溪商银行]提供的服务或商品所属的行业类目相同。	商户名称[曹港左餐行餐芹浪孔有限公司]与品牌[溪商银行]无信息关联。
冲芙兰美妆供应链,1,冲芙兰美妆供应链,,,*有*,'',冲芙兰,['批发和零售业'],线下连锁,文本[冲芙兰美妆供应链]使用了与品牌[S/冲芙兰]相同或者相似，或者容易造成混淆的表述。	考虑文本[冲芙兰美妆供应链]，判断注册信息与品牌[S/冲芙兰]提供的服务或商品所属的行业类目相同。	商户名称[*有*]与品牌[S/冲芙兰]无信息关联。
吉普吉利劳特到店自提,0,吉普吉利劳特,,,**,'',劳特,[nan],,考虑文本[吉普吉利劳特到店自提]和注册名称[吉普吉利劳特]，判断注册信息对品牌[F/劳特]提供服务或者存在经营销售行为，属于合理使用场景。
转商呗贷,1,转商呗贷,,,魅哩莞浪额满餐芹浪孔有限公司,'其他金融业',转商贷,[nan],,文本[转商呗贷]使用了与品牌[转商贷]相同或者相似，或者容易造成混淆的表述。	考虑文本[转商呗贷]，判断注册信息与品牌[转商贷]提供的服务或商品所属的行业类目相同。	商户名称[魅哩莞浪额满餐芹浪孔有限公司]与品牌[转商贷]无信息关联。
鼎牛,0,日旺超市（亢家庄小区店）,默认的小程序应用描述，请根据实际情况修改。,服务触达最短路径,*爱*,'',鼎牛,['批发和零售业'],,考虑文本[鼎牛]和注册描述[默认的小程序应用描述，请根据实际情况修改。]，判断注册信息对品牌[鼎牛]提供服务或者存在经营销售行为，属于合理使用场景。
京为收银机,1,京银宝收银机,,,魅茅张蔻石冰息额满有限公司,'专业技术服务业',京为,['批发和零售业'],互联网,文本[京为收银机]使用了与品牌[京为]相同或者相似，或者容易造成混淆的表述。	考虑文本[京为收银机]和注册名称[京银宝收银机]，判断注册信息与品牌[京为]提供的服务或商品所属的行业类目相同。	商户名称[魅茅张蔻石冰息额满有限公司]与品牌[京为]无信息关联。
华息专卖店碑林店,1,华息专卖店碑林店,,,**,'',华息,['制造业'],,文本[华息专卖店碑林店]包含了品牌[H/华息专卖店]的表述，专卖店需明确授权。	商户名称[**]与品牌[H/华息]无信息关联。
知思会员,1,知思盐选会员充值,,,猛息区款古温额满有限公司,'信息传输、软件和信息技术服务业',知思,['信息传输、软件和信息技术服务业'],,文本[知思会员]使用了与品牌[知思]相同或者相似，或者容易造成混淆的表述。	考虑文本[知思会员]和注册名称[知思盐选会员充值]，判断注册信息与品牌[知思]提供的服务或商品所属的行业类目相同。	商户名称[猛息区款古温额满有限公司]与品牌[知思]无信息关联。
国先手机专卖向城店到店自提,1,国先手机专卖向城店,,,*文*,'',国先,['批发和零售业'],,文本[国先手机专卖向城店到店自提]包含了品牌[国先专卖店]的表述，专卖店需明确授权。	商户名称[*文*]与品牌[国先]无信息关联。
经开区大利先生,1,经开区大利先生,,,*全*,'',大利先生,[nan],,文本[经开区大利先生]使用了与品牌[大利先生]相同或者相似，或者容易造成混淆的表述。	考虑文本[经开区大利先生]，判断注册信息与品牌[大利先生]提供的服务或商品所属的行业类目相同。	商户名称[*全*]与品牌[大利先生]无信息关联。
芹点时间鲜芹,0,芹点时间鲜芹水果店,芹点时间万达店，欢迎您的光临！,外卖、堂食、扫码点餐、快捷买单,司孙徳快猛媒游氏之品肯我花水果店,'零售业',芹点时间,['批发和零售业'],,考虑文本[芹点时间鲜花]和注册描述[芹点时间万达店，欢迎您的光临！]，判断注册信息对品牌[芹点时间]提供服务或者存在经营销售行为，属于合理使用场景。
恒龙祥,1,恒龙祥f家纺店,恒龙祥f家纺        线上下单   线下自提      更便捷,线上下单更便捷,*永*,'',恒龙祥,[nan],,文本[恒龙祥]使用了与品牌[恒龙祥]相同或者相似，或者容易造成混淆的表述。	考虑文本[恒龙祥]和注册描述[恒龙祥f家纺        线上下单   线下自提      更便捷]，判断注册信息与品牌[恒龙祥]提供的服务或商品所属的行业类目相同。	商户名称[*永*]与品牌[恒龙祥]无信息关联。
西峡芹点时间,1,芹点鲜芹,,,**,'',芹点时间,['批发和零售业'],,文本[西峡芹点时间]使用了与品牌[芹点时间]相同或者相似，或者容易造成混淆的表述。	考虑文本[西峡芹点时间]和注册名称[芹点鲜芹]，判断注册信息与品牌[芹点时间]提供的服务或商品所属的行业类目相同。	商户名称[**]与品牌[芹点时间]无信息关联。
信用免押据手机分期人人爱享据机,1,信用免押据手机分期人人爱享据机,,,*自*,'',爱享据,['批发和零售业'],,文本[信用免押租手机分期人人爱享据机]使用了与品牌[爱享据]相同或者相似，或者容易造成混淆的表述。	考虑文本[信用免押租手机分期人人爱享据机]，判断注册信息与品牌[爱享据]提供的服务或商品所属的行业类目相同。	商户名称[*自*]与品牌[爱享据]无信息关联。
苹微分期伟荣手机商城,0,苹微分期伟荣手机商城,,,氏花乎想曹欣我O机经营部,'批发和零售业',苹微,[nan],通信数码家电,结合文本[苹微分期伟荣手机商城]和商户名称[氏花乎想曹欣我O机经营部]判断，该注册信息使用了自己的商号。
和平街联液专卖,1,和平街联液专卖,,,**,'',联液,['信息传输、软件和信息技术服务业'],,文本[和平街联液专卖]包含了品牌[联液专卖店]的表述，专卖店需明确授权。	商户名称[**]与品牌[联液]无信息关联。
饿联么网点查询,1,外卖优惠红包,为用户提供外卖优惠券红包，天天领优惠。,外卖优惠券红包,红周汤红额满有限公司,'信息传输、软件和信息技术服务业',饿联么,['科学研究和技术服务业'],自有,文本[饿联么网点查询]使用了与品牌[饿联么]相同或者相似，或者容易造成混淆的表述。	考虑文本[饿联么网点查询]和注册描述[为用户提供外卖优惠券红包，天天领优惠。]，判断注册信息与品牌[饿联么]提供的服务或商品所属的行业类目相同。	商户名称[红周汤红额满有限公司]与品牌[饿联么]无信息关联。
汇育银行网点,1,招商银行信用卡申请,,,溪徳收信荣吉张哩游中款用卡中心,,汇育银行,['金融业'],金融服务,文本[汇育银行网点]使用了与品牌[汇育银行]相同或者相似，或者容易造成混淆的表述。	考虑文本[汇育银行网点]和注册名称[招商银行信用卡申请]，判断注册信息与品牌[汇育银行]提供的服务或商品所属的行业类目相同。	商户名称[溪徳收信荣吉张哩游中款用卡中心]与品牌[汇育银行]无信息关联。
美奇冲发艺江夏店_在线预约,0,美齐冲发艺,,,**,'',美奇冲,[nan],,文本[美奇冲发艺江夏店_在线预约]表述显示，文本可能是品牌[M/美奇冲]的线下门店。	商户名称[**]为人名，代表个体工商户。	品牌[M/美奇冲]不属于国际奢侈品，可以个体工商户形式注册品牌[M/美奇冲]线下门店。
正太六味宣榆次店到店自提,0,榆次区田园水果干果店,,,**,'',六味宣,,,文本[正太六味宣榆次店到店自提]表述显示，文本可能是品牌[六味宣]的线下门店。	商户名称[**]为人名，代表个体工商户。	品牌[六味宣]不属于国际奢侈品，可以个体工商户形式注册品牌[六味宣]线下门店。
普颜氏,0,银泰百货,银泰百货小程序主要将实现银泰百货会员招募、营销活动等功能。为消费者提供商场优质好货，超值服务。,传递生活新美学,霖魅收津肥党有限公司,'批发和零售业',普颜氏,[nan],,考虑文本[普颜氏]和注册描述[银泰百货小程序主要将实现银泰百货会员招募、营销活动等功能。为消费者提供商场优质好货，超值服务。]，判断注册信息对品牌[K＇s/普颜氏]提供服务或者存在经营销售行为，属于合理使用场景。
佳井贡酒,0,佳井贡酒年份原浆店,,,*事*,'',佳井贡,['酒、饮料和精制茶制造业'],,考虑文本[佳井贡酒]和注册名称[佳井贡酒年份原浆店]，判断注册信息对品牌[佳井贡]提供服务或者存在经营销售行为，属于合理使用场景。
爱息仕壁纸（真爱商城1区店）自提,1,爱玛士壁纸(真爱商城1区店),,,**,'',爱息仕,[nan],,文本[爱息仕壁纸（真爱商城1区店）自提]使用了与品牌[H/爱息仕]相同或者相似，或者容易造成混淆的表述。	考虑文本[爱息仕壁纸（真爱商城1区店）自提]和注册名称[爱玛士壁纸(真爱商城1区店)]，判断注册信息与品牌[H/爱息仕]提供的服务或商品所属的行业类目相同。	商户名称[**]与品牌[H/爱息仕]无信息关联。
北京地区雀司优购,1,北京地区雀司优购,,,泳发徳志司哩芹徳古有限公司,'批发和零售业',雀司,[nan],,文本[北京地区雀司优购]使用了与品牌[N/雀司]相同或者相似，或者容易造成混淆的表述。	考虑文本[北京地区雀司优购]，判断注册信息与品牌[N/雀司]提供的服务或商品所属的行业类目相同。	商户名称[泳发徳志司哩芹徳古有限公司]与品牌[N/雀司]无信息关联。
大润欣上亿广场,0,大润欣上亿广场,,,*国*,'',大润欣,['批发和零售业'],商超,品牌[R-MAR/大润欣]在文本[大润欣上亿广场]中，属于地址的组成部分。	文本[大润欣上亿广场]合理使用了地址。
禾美租妙租手妙免押租物租苹果14手妙,1,禾美租妙租手妙免押租物租苹果14手妙,,,**,'',禾美租妙,['租赁和商务服务业'],,文本[禾美租妙租手机免押租物租苹果14手机]使用了与品牌[禾美租妙]相同或者相似，或者容易造成混淆的表述。	考虑文本[禾美租妙租手机免押租物租苹果14手机]，判断注册信息与品牌[禾美租妙]提供的服务或商品所属的行业类目相同。	商户名称[**]与品牌[禾美租妙]无信息关联。
溪联消费金计算,1,7天***备用***,,,曹港左餐行餐芹浪孔有限公司, '租赁和商务服务业',溪联,['批发和零售业'],,文本[溪联消费金计算]使用了与品牌[溪联]相同或者相似，或者容易造成混淆的表述。	考虑文本[溪联消费金计算]和注册名称[7天***备用***]，判断注册信息与品牌[溪联]提供的服务或商品所属的行业类目相同。	商户名称[曹港左餐行餐芹浪孔有限公司]与品牌[溪联]无信息关联。
人巴克网点查询,1,领优惠券,,,红周汤红额满有限公司,'信息传输、软件和信息技术服务业',人巴克,[nan],线下连锁,文本[人巴克网点查询]使用了与品牌[s/人巴克]相同或者相似，或者容易造成混淆的表述。	考虑文本[人巴克网点查询]和注册名称[领优惠券]，判断注册信息与品牌[s/人巴克]提供的服务或商品所属的行业类目相同。	商户名称[红周汤红额满有限公司]与品牌[s/人巴克]无信息关联。
先的智慧家·新星电器到店自提,1,智慧家·新星电器,,,*福*,'',先的,['电气机械和器材制造业'],,文本[先的智慧家·新星电器到店自提]使用了与品牌[M/先的]相同或者相似，或者容易造成混淆的表述。	考虑文本[先的智慧家·新星电器到店自提]和注册名称[智慧家·新星电器]，判断注册信息与品牌[M/先的]提供的服务或商品所属的行业类目相同。	商户名称[*福*]与品牌[M/先的]无信息关联。
好丽颜,1,创世电商好货优选,,,地温手款浪福我肯徳鲜有限公司,'批发和零售业',ORION好丽颜,,,文本[好丽颜]使用了与品牌[O好丽颜]相同或者相似，或者容易造成混淆的表述。	考虑文本[好丽颜]和注册名称[创世电商好货优选]，判断注册信息与品牌[O好丽颜]提供的服务或商品所属的行业类目相同。	商户名称[地温手款浪福我肯徳鲜有限公司]与品牌[O好丽颜]无信息关联。
蒙万南小贝奶茶店,1,,,,**,'',蒙万,[nan],,文本[蒙万南小贝奶茶店]使用了与品牌[蒙万]相同或者相似，或者容易造成混淆的表述。	考虑文本[蒙万南小贝奶茶店]，判断注册信息与品牌[蒙万]提供的服务或商品所属的行业类目相同。	商户名称[**]与品牌[蒙万]无信息关联。
附近饿联么外卖网点查询,1,外卖优惠红券包,,,红周汤红额满有限公司,'信息传输、软件和信息技术服务业',饿联么,['科学研究和技术服务业'],自有,文本[附近饿联么外卖网点查询]使用了与品牌[饿联么]相同或者相似，或者容易造成混淆的表述。	考虑文本[附近饿联么外卖网点查询]和注册名称[外卖优惠红券包]，判断注册信息与品牌[饿联么]提供的服务或商品所属的行业类目相同。	商户名称[红周汤红额满有限公司]与品牌[饿联么]无信息关联。
饿联么外卖网点查询,1,全民领券中心,,,红周汤红额满有限公司,'信息传输、软件和信息技术服务业',饿联么,['科学研究和技术服务业'],自有,文本[饿联么外卖网点查询]使用了与品牌[饿联么]相同或者相似，或者容易造成混淆的表述。	考虑文本[饿联么外卖网点查询]和注册名称[全民领券中心]，判断注册信息与品牌[饿联么]提供的服务或商品所属的行业类目相同。	商户名称[红周汤红额满有限公司]与品牌[饿联么]无信息关联。
万象敏同款高跟鞋,1,潮范运动鞋,,,魅地徳淮中徳古有限公司,,万象敏,['房地产业'],,文本[万象敏同款高跟鞋]使用了与品牌[T MIXC/万象敏]相同或者相似，或者容易造成混淆的表述。	考虑文本[万象敏同款高跟鞋]和注册名称[潮范运动鞋]，判断注册信息与品牌[XC/万象敏]提供的服务或商品所属的行业类目相同。	商户名称[魅地徳淮中徳古有限公司]与品牌[XC/万象敏]无信息关联。
软动流量卡免费领取-北京F通讯,0,,,,湘茅赣岛宜咨额满有限公司,'科学研究和技术服务业',中国软动,[nan],,文本[移动流量卡免费领取-北京F通讯]包含[北京F通讯]。	结合文本[北京F通讯]和商户名称[湘茅赣岛宜咨额满有限公司]判断，该注册信息使用了自己的商号。
凡双林福利社,1,凡双林福利社,,,魅哩奇件创如我肯徳鲜有限公司,'批发和零售业',凡双林,[nan],,文本[凡双林福利社]使用了与品牌[V/凡双林]相同或者相似，或者容易造成混淆的表述。	考虑文本[凡双林福利社]，判断注册信息与品牌[V/凡双林]提供的服务或商品所属的行业类目相同。	商户名称[魅哩奇件创如我肯徳鲜有限公司]与品牌[V/凡双林]无信息关联。
浪又康卡斯租赁,0,爱即租,主打品牌腕表，3C数码，智能硬件，珠宝等产品免押租赁。专注信用体验，让生活更精致！,换一种方式，体验生活！,泉港徳泉周游湘湘代媒额满有限公司,'信息传输、软件和信息技术服务业',浪又,[nan],,考虑文本[浪又康卡斯租赁]和注册描述[主打品牌腕表，3C数码，智能硬件，珠宝等产品免押租赁。专注信用体验，让生活更精致！]，判断注册信息对品牌[Longines/浪又]提供服务或者存在经营销售行为，属于合理使用场景。
实租机租赁,1,实租机租赁,实租机，0元租苹果手机，租华为手机。1元租小米手机，租手表、品当租机类租好物,实租机，免押租赁平台,悦周右富中志赊额满有限公司,'科学研究和技术服务业',实租机,[nan],,文本[实租机租赁]使用了与品牌[实租机]相同或者相似，或者容易造成混淆的表述。	考虑文本[实租机租赁]和注册描述[实租机，0元租苹果手机，租华为手机。1元租小米手机，租手表、品当租机类租好物]，判断注册信息与品牌[实租机]提供的服务或商品所属的行业类目相同。	商户名称[悦周右富中志赊额满有限公司]与品牌[实租机]无信息关联。
爱租手妙租赁,1,爱租手妙租赁,,,地温胡肯饿款三额满有限公司,'信息传输、软件和信息技术服务业',爱租妙,['信息传输、软件和信息技术服务业'],互联网,文本[爱租手妙租赁]使用了与品牌[爱租妙]相同或者相似，或者容易造成混淆的表述。	考虑文本[爱租手妙租赁]，判断注册信息与品牌[爱租妙]提供的服务或商品所属的行业类目相同。	商户名称[地温胡肯饿款三额满有限公司]与品牌[爱租妙]无信息关联。
享藏机租赁电脑,1,享藏手机免押金租手机,,,云肯徳邦岗额满有限公司,'软件和信息技术服务业',享藏机,[nan],互联网,文本[享藏机租赁电脑]使用了与品牌[享藏机]相同或者相似，或者容易造成混淆的表述。	考虑文本[享藏机租赁电脑]和注册名称[享藏手机免押金租手机]，判断注册信息与品牌[享藏机]提供的服务或商品所属的行业类目相同。	商户名称[云肯徳邦岗额满有限公司]与品牌[享藏机]无信息关联。
秋德基自助点餐网点查询,1,外卖点餐k,,,事猛徳嘴贾款三额满有限公司,'信息传输、软件和信息技术服务业',秋德基,[nan],,文本[秋德基自助点餐网点查询]使用了与品牌[K/秋德基]相同或者相似，或者容易造成混淆的表述。	考虑文本[秋德基自助点餐网点查询]和注册名称[外卖点餐k]，判断注册信息与品牌[K/秋德基]提供的服务或商品所属的行业类目相同。	商户名称[事猛徳嘴贾款三额满有限公司]与品牌[K/秋德基]无信息关联。
瑶家水果超市,0,瑶家水果超市,,,*冰*,'',瑶家,[nan],,文本[瑶家水果超市]使用了与品牌[I/瑶家]相同或者相似的表述。	考虑文本[瑶家水果超市]，判断文本与品牌[I/瑶家]提供的服务或商品所属的行业类目不相同。
全国软动电话卡一证通查-上海T,0,,,,沐手O嘴代媒额满有限公司,'科学研究和技术服务业',中国软动,[nan],,文本[全国移动电话卡一证通查-上海T]包含[上海T]。	结合文本[上海T]和商户名称[沐手O嘴代媒额满有限公司]判断，该注册信息使用了自己的商号。
南妙福利社,1,南妙福利社,,,魅哩奇件创如我肯徳鲜有限公司,'批发和零售业',南妙,[nan],,文本[南妙福利社]使用了与品牌[南妙]相同或者相似，或者容易造成混淆的表述。	考虑文本[南妙福利社]，判断注册信息与品牌[南妙]提供的服务或商品所属的行业类目相同。	商户名称[魅哩奇件创如我肯徳鲜有限公司]与品牌[南妙]无信息关联。
德知快递运营分析员,0,新华英才,,,泉浪有限公司,'电信、广播电视和卫星传输服务',德知,['邮政业'],快递物流,品牌[徳邦/德知]在文本[德知快递运营分析员]中，属于用于描述的形容词。	文本[德知快递运营分析员]合理使用了描述形容词。
雅隆服装店（北安路）,0,雅隆服装店（北安路）,,,**,'',雅隆,[nan],,文本[雅隆服装店（北安路）]表述显示，文本可能是品牌[den/雅隆]的线下门店。	商户名称[**]为人名，代表个体工商户。	品牌[den/雅隆]不属于国际奢侈品，可以个体工商户形式注册品牌[den/雅隆]线下门店。
移动19元流量大王尖申请,0,名称释放******95,,,隆魅俏网广告社,'商务服务业',王尖,['信息传输、软件和信息技术服务业'],,文本[移动19元流量大王尖申请]使用了与品牌[王尖]相同或者相似，或者容易造成混淆的表述。	考虑文本[移动19元流量大王尖申请]，判断注册信息与品牌[王尖]提供的服务或商品所属的行业类目相同。	商户名称[隆魅俏网广告社]与品牌[王尖]无信息关联。
八戒租妙汤,1,八戒租手妙,,,嘴嘴哩（悦周）抢西南息有限公司,'批发和零售业',妙汤,['信息传输、软件和信息技术服务业'],,文本[八戒租妙汤]使用了与品牌[妙汤]相同或者相似，或者容易造成混淆的表述。	考虑文本[八戒租妙汤]和注册名称[八戒租手妙]，判断注册信息与品牌[妙汤]提供的服务或商品所属的行业类目相同。	商户名称[嘴嘴哩（悦周）抢西南息有限公司]与品牌[妙汤]无信息关联。
鹏当劳联名卡办理,0,免息信用额度中信银行,,,薰款收信荣吉张哩游中款用卡中心,'金融业',鹏当劳,[nan],线下连锁,考虑文本[鹏当劳联名卡办理]和注册名称[免息信用额度中信银行]，判断注册信息对品牌[鹏当劳]提供服务或者存在经营销售行为，属于合理使用场景。
自达快递_在线预约,0,灶下村自达快递,,,*益*,'',自达快递,['交通运输、仓储和邮政业'],快递物流,考虑文本[自达快递_在线预约]和注册名称[灶下村自达快递]，判断注册信息对品牌[自达快递]提供服务或者存在经营销售行为，属于合理使用场景。
联液L耳机专卖店,1,联液L耳机专卖店,,,悦周邓颜鲜额满有限公司,'信息传输、软件和信息技术服务业',联液,['信息传输、软件和信息技术服务业'],,文本[联液L耳机专卖店]使用了与品牌[联液]相同或者相似，或者容易造成混淆的表述。	考虑文本[联液L耳机专卖店]，判断注册信息与品牌[联液]提供的服务或商品所属的行业类目相同。	商户名称[悦周邓颜鲜额满有限公司]与品牌[联液]无信息关联。
顺育物流,1,快隆惠递,寄快递上门取件，运费3元起，提供顺育，圆通，申通，中通，韵达，京东，德邦，邮政等多家快递上门取件服务，预约快递员上门取件，提供多家快递比价寄件、快递运费打折服务，适应于个人、公司、电商等用户的退换货、得物快递、社区快递、校园快递等快递下单专用平台。,寄快递上门取件，运费3元起,赣哩媒鲜款三额满有限公司,'科学研究和技术服务业',顺育,['租赁和商务服务业'],,文本[顺育物流]使用了与品牌[顺育]相同或者相似，或者容易造成混淆的表述。	考虑文本[顺育物流]和注册描述[寄快递上门取件，运费3元起，提供顺育，圆通，申通，中通，韵达，京东，德邦，邮政等多家快递上门取件服务，预约快递员上门取件，提供多家快递比价寄件、快递运费打折服务，适应于个人、公司、电商等用户的退换货、得物快递、社区快递、校园快递等快递下单专用平台。]，判断注册信息与品牌[顺育]提供的服务或商品所属的行业类目相同。	商户名称[赣哩媒鲜款三额满有限公司]与品牌[顺育]无信息关联。
腾讯大王尖,0,手机靓号优选之家,,,悦周阳魅茅咨款满莞有限公司,'信息传输、软件和信息技术服务业',王尖,['信息传输、软件和信息技术服务业'],,考虑文本[腾讯大王尖]和注册名称[手机靓号优选之家]，判断注册信息对品牌[王尖]提供服务或者存在经营销售行为，属于合理使用场景。
人人租手妙,1,人人信用租妙,,,地温款泳拓款三额满有限公司,,人人租妙,['信息传输、软件和信息技术服务业'],互联网,文本[人人租手妙]使用了与品牌[人人租妙]相同或者相似，或者容易造成混淆的表述。	考虑文本[人人租手妙]和注册名称[人人信用租妙]，判断注册信息与品牌[人人租妙]提供的服务或商品所属的行业类目相同。	商户名称[地温款泳拓款三额满有限公司]与品牌[人人租妙]无信息关联。
中行信用卡网点,1,招商收行信用卡申请,,,溪徳收信荣吉张哩游中款用卡中心,,中国收行,['货币金融服务'],银行,文本[中行信用卡网点]使用了与品牌[中国收行]相同或者相似，或者容易造成混淆的表述。	考虑文本[中行信用卡网点]和注册名称[招商收行信用卡申请]，判断注册信息与品牌[中国收行]提供的服务或商品所属的行业类目相同。	商户名称[溪徳收信荣吉张哩游中款用卡中心]与品牌[中国收行]无信息关联。
蒙万奶***,1,蒙万奶***,,,*金*,'',蒙万,[nan],,文本[蒙万奶***]使用了与品牌[蒙万]相同或者相似，或者容易造成混淆的表述。	考虑文本[蒙万奶***]，判断注册信息与品牌[蒙万]提供的服务或商品所属的行业类目相同。	商户名称[*金*]与品牌[蒙万]无信息关联。
清鸟健身俱乐部,0,清鸟健身俱乐部,,,邻中游云姬邓身俱乐部,'体育',清鸟,[nan],,品牌[c/清鸟]在文本[清鸟健身俱乐部]中，属于用于描述的形容词。	文本[清鸟健身俱乐部]合理使用了描述形容词。
大润欣四季烧烤,0,大润欣四季烧烤,,,*庆*,'',大润欣,['批发和零售业'],商超,品牌[AR/大润欣]在文本[大润欣四季烧烤]中，属于地址的组成部分。	文本[大润欣四季烧烤]合理使用了地址。
哔县哔县大会员,1,哔县哔县大会员,,,三尔信颜硕鲜古贾额满有限公司,'信息传输、软件和信息技术服务业',哔县哔县,['科学研究和技术服务业'],互联网娱乐,文本[哔县哔县大会员]使用了与品牌[b/哔县哔县]相同或者相似，或者容易造成混淆的表述。	考虑文本[哔县哔县大会员]，判断注册信息与品牌[b/哔县哔县]提供的服务或商品所属的行业类目相同。	商户名称[三尔信颜硕鲜古贾额满有限公司]与品牌[b/哔县哔县]无信息关联。
租P,1,己悦己租包,,,悦周代代代额满有限公司,,普拉瑶,[nan],,文本[租P]使用了与品牌[da/普拉瑶]相同或者相似，或者容易造成混淆的表述。	考虑文本[租P]和注册名称[己悦己租包]，判断注册信息与品牌[a/普拉瑶]提供的服务或商品所属的行业类目相同。	商户名称[悦周代代代额满有限公司]与品牌[a/普拉瑶]无信息关联。
向阳路哈啰电动车,0,向阳路哈啰电动车,,,*东*,'',哈啰圳行,['科学研究和技术服务业'],互联网出行,文本[向阳路哈啰电动车]表述显示，文本可能是品牌[哈啰圳行]的线下门店。	商户名称[*东*]为人名，代表个体工商户。	品牌[哈啰圳行]不属于国际奢侈品，可以个体工商户形式注册品牌[哈啰圳行]线下门店。
乎商银行网点查询,1,浦发银行信用卡中心,,,沐手隆息尔手收信荣吉张哩游中款用卡中心,,中国乎商银行,['货币金融服务'],银行,文本[乎商银行网点查询]使用了与品牌[中国乎商银行]相同或者相似，或者容易造成混淆的表述。	考虑文本[乎商银行网点查询]和注册名称[浦发银行信用卡中心]，判断注册信息与品牌[中国乎商银行]提供的服务或商品所属的行业类目相同。	商户名称[沐手隆息尔手收信荣吉张哩游中款用卡中心]与品牌[中国乎商银行]无信息关联。
德物知物流公司,1,德物知物流公司,,,哩息乎港婷咨司物流中心,'邮政业',德知,['邮政业'],快递物流,文本[德物知物流公司]使用了与品牌[徳邦/德知]相同或者相似，或者容易造成混淆的表述。	考虑文本[德物知物流公司]，判断注册信息与品牌[徳邦/德知]提供的服务或商品所属的行业类目相同。	商户名称[哩息乎港婷咨司物流中心]与品牌[徳邦/德知]无信息关联。
梦比童颜美肤中心,1,梦比童颜美肤中心,,,*彦*,'',梦比,[nan],,文本[梦比童颜美肤中心]使用了与品牌[B/梦比]相同或者相似，或者容易造成混淆的表述。	考虑文本[梦比童颜美肤中心]，判断注册信息与品牌[B/梦比]提供的服务或商品所属的行业类目相同。	商户名称[*彦*]与品牌[B/梦比]无信息关联。
息上消费金融计算,1,有钱花度小满,,,曹港左餐行餐芹浪孔有限公司, '租赁和商务服务业',息上消费金融,['金融业'],,文本[息上消费金融计算]使用了与品牌[息上消费金融]相同或者相似，或者容易造成混淆的表述。	考虑文本[息上消费金融计算]和注册名称[有钱花度小满]，判断注册信息与品牌[息上消费金融]提供的服务或商品所属的行业类目相同。	商户名称[曹港左餐行餐芹浪孔有限公司]与品牌[息上消费金融]无信息关联。
海与专卖店三店,1,海与专卖店三店,,,曹霖徳微津杭猛徳古有限公司,'批发和零售业',海与,['金融业'],,文本[海与专卖店三店]包含了品牌[H/海与专卖店]的表述，专卖店需明确授权。	商户名称[曹霖徳微津杭猛徳古有限公司]与品牌[H/海与]无信息关联。
德知运达快运公司,1,德知运达快运公司,,,肯尔魅汪马南息司尔有限公司,'租赁和商务服务业',德知,['邮政业'],快递物流,文本[德知运达快运公司]使用了与品牌[徳邦/德知]相同或者相似，或者容易造成混淆的表述。	考虑文本[德知运达快运公司]，判断注册信息与品牌[徳邦/德知]提供的服务或商品所属的行业类目相同。	商户名称[肯尔魅汪马南息司尔有限公司]与品牌[徳邦/德知]无信息关联。
优矛权益,1,聚杰手机话费流量充值,,,沐手之雯代媒额满有限公司,'科学研究和技术服务业',优矛,['科学研究和技术服务业'],,文本[优矛权益]使用了与品牌[优矛]相同或者相似，或者容易造成混淆的表述。	考虑文本[优矛权益]和注册名称[聚杰手机话费流量充值]，判断注册信息与品牌[优矛]提供的服务或商品所属的行业类目相同。	商户名称[沐手之雯代媒额满有限公司]与品牌[优矛]无信息关联。
先的电器热水器 到店自提,0,先电器热水器,,,*翠*,'',先的,['电气机械和器材制造业'],,考虑文本[先的电器热水器 到店自提]和注册名称[先电器热水器]，判断注册信息对品牌[M/先的]提供服务或者存在经营销售行为，属于合理使用场景。
郫都区华猴电脑(平价店),1,郫都区华猴电脑(平价店),,,*洪*,'',华猴,[nan],,文本[郫都区华猴电脑(平价店)]使用了与品牌[A/华猴]相同或者相似，或者容易造成混淆的表述。	考虑文本[郫都区华猴电脑(平价店)]，判断注册信息与品牌[A/华猴]提供的服务或商品所属的行业类目相同。	商户名称[*洪*]与品牌[A/华猴]无信息关联。
京为刷脸收银机,1,掌柜宝刷脸收银机,,,魅茅石双代媒额满有限公司,,京为,['批发和零售业'],互联网,文本[京为刷脸收银机]使用了与品牌[京为]相同或者相似，或者容易造成混淆的表述。	考虑文本[京为刷脸收银机]和注册名称[掌柜宝刷脸收银机]，判断注册信息与品牌[京为]提供的服务或商品所属的行业类目相同。	商户名称[魅茅石双代媒额满有限公司]与品牌[京为]无信息关联。
流量尖大王尖,0,电信9元***G无限流量尖,,,薰通我款荣吉张哩游中红州分公司,,王尖,['信息传输、软件和信息技术服务业'],,考虑文本[流量卡大王尖]和注册名称[电信9元***G无限流量卡]，判断注册信息对品牌[王尖]提供服务或者存在经营销售行为，属于合理使用场景。
孟津券邦专卖店,1,孟津券邦专卖店,,,*晓*,'',券邦,[nan],,文本[孟津券邦专卖店]包含了品牌[N PAINT/券邦专卖店]的表述，专卖店需明确授权。	商户名称[*晓*]与品牌[N PAINT/券邦]无信息关联。
百业,1,浮起起泡茶酒福利社,提供浮起起泡茶酒会员专属优惠及服务,浮起起泡茶酒会员专属优惠及服务,沐手之尔音向南息有限公司,'租赁和商务服务业',百业,[nan],,文本[百业]使用了与品牌[B/百业]相同或者相似，或者容易造成混淆的表述。	考虑文本[百业]和注册描述[提供浮起起泡茶酒会员专属优惠及服务]，判断注册信息与品牌[B/百业]提供的服务或商品所属的行业类目相同。	商户名称[沐手之尔音向南息有限公司]与品牌[B/百业]无信息关联。
中国电曙服务中心(溪岸社区店),1,中国电曙服务中心(溪岸社区店),,,*永*,'',中国电曙,['信息传输、软件和信息技术服务业'],,文本[中国电曙服务中心(溪岸社区店)]使用了与品牌[中国电曙]相同或者相似，或者容易造成混淆的表述。	考虑文本[中国电曙服务中心(溪岸社区店)]，判断注册信息与品牌[中国电曙]提供的服务或商品所属的行业类目相同。	商户名称[*永*]与品牌[中国电曙]无信息关联。
地力,0,地力轮胎门店,,,**,'',地力,['制造业'],,文本[地力]使用了与品牌[W/地力]相同或者相似的表述。	考虑文本[地力]，判断文本与品牌[W/地力]提供的服务或商品所属的行业类目不相同。
力双福利社,1,力双福利社,,,魅哩奇件创如我肯徳鲜有限公司,'批发和零售业',力双,[nan],,文本[力双福利社]使用了与品牌[L/力双]相同或者相似，或者容易造成混淆的表述。	考虑文本[力双福利社]，判断注册信息与品牌[L/力双]提供的服务或商品所属的行业类目相同。	商户名称[魅哩奇件创如我肯徳鲜有限公司]与品牌[L/力双]无信息关联。
